text,Titles
Corfu,north_and_south
Scotland,north_and_south
Belgravia,north_and_south
Delhi,north_and_south
London,north_and_south
Naples,north_and_south
Helstone,north_and_south
England,north_and_south
Italy,north_and_south
Southampton,north_and_south
Rio,north_and_south
Rutlandshire,north_and_south
Plymouth,north_and_south
Carsington,north_and_south
Derbyshire,north_and_south
Israel,north_and_south
Milton - Northern,north_and_south
Darkshire,north_and_south
Milton,north_and_south
Oxford,north_and_south
Northern,north_and_south
Heston,north_and_south
Torquay,north_and_south
"London,—going",north_and_south
Hampshire,north_and_south
Crampton,north_and_south
Wales,north_and_south
Cambridge,north_and_south
Burnleyways,north_and_south
North,north_and_south
COUNCIL,north_and_south
Cadiz,north_and_south
South America,north_and_south
Spain,north_and_south
Europe,north_and_south
Ashley,north_and_south
Utopia,north_and_south
Nuremberg,north_and_south
Sorrento,north_and_south
Collingbrooks,north_and_south
Ireland,north_and_south
NORMANDY,north_and_south
Patmos,north_and_south
Oxenham,north_and_south
"Milton,—more",north_and_south
SOUTHWELL,north_and_south
Mexico,north_and_south
Heaven,north_and_south
Liverpool,north_and_south
Outwood,north_and_south
Greenfield,north_and_south
Hurstfield,north_and_south
Badoura,north_and_south
Hayleigh,north_and_south
Havre,north_and_south
Venice,north_and_south
Lunnon,north_and_south
Australia,north_and_south
Denmark,north_and_south
Paris,north_and_south
Cromer,north_and_south
America,north_and_south
Hampstead,north_and_south
NEWCASTLE,north_and_south
TYNE,north_and_south
