text,Titles
Belgium,ruth
Waverhams,ruth
London,ruth
Heneage Place,ruth
Norfolk,ruth
Potosi,ruth
Milham,ruth
Lowford,ruth
Milham Grange,ruth
Henbury,ruth
Paris,ruth
North Wales,ruth
Voelas,ruth
England,ruth
Wales,ruth
Conway,ruth
Welsh,ruth
Fordham,ruth
Carnarvon,ruth
Llan - dhu,ruth
America,ruth
China,ruth
Gibraltar,ruth
Spain,ruth
Eccleston,ruth
George,ruth
Lunnon,ruth
Jerry,ruth
Holland,ruth
Smithiles,ruth
Derby,ruth
Liverpool,ruth
Chancery,ruth
Germany,ruth
Abermouth,ruth
Cranworth,ruth
Utopia,ruth
Corioli,ruth
Wakefield,ruth
Scarborough,ruth
Heaven,ruth
Scaurside - hill,ruth
Helmsby,ruth
Lincolnshire,ruth
Baden,ruth
Scotland,ruth
Glasgow,ruth
