text,Titles
Apex City,the_custom_of_the_country
New York,the_custom_of_the_country
Apex,the_custom_of_the_country
Atalanta,the_custom_of_the_country
England,the_custom_of_the_country
York,the_custom_of_the_country
Cracow,the_custom_of_the_country
Georgia,the_custom_of_the_country
Nebraska,the_custom_of_the_country
Berlin,the_custom_of_the_country
Cavaleeria,the_custom_of_the_country
Europe,the_custom_of_the_country
California,the_custom_of_the_country
Buffalo,the_custom_of_the_country
Indiana,the_custom_of_the_country
Richmond,the_custom_of_the_country
Virginia,the_custom_of_the_country
Washington,the_custom_of_the_country
Boston,the_custom_of_the_country
Deposit,the_custom_of_the_country
Skog Harbour,the_custom_of_the_country
Maine,the_custom_of_the_country
Bostonian,the_custom_of_the_country
Washington Square,the_custom_of_the_country
Harvard,the_custom_of_the_country
Oxford,the_custom_of_the_country
Columbia,the_custom_of_the_country
Spain,the_custom_of_the_country
UNdoolay,the_custom_of_the_country
Andromeda,the_custom_of_the_country
Wales,the_custom_of_the_country
Alaska,the_custom_of_the_country
Eubaw,the_custom_of_the_country
Lohengrin,the_custom_of_the_country
Kindergarten,the_custom_of_the_country
Siena,the_custom_of_the_country
Naples,the_custom_of_the_country
Switzerland,the_custom_of_the_country
Lecceto,the_custom_of_the_country
Rome,the_custom_of_the_country
Italy,the_custom_of_the_country
St. Moritz,the_custom_of_the_country
Jove,the_custom_of_the_country
Prometheus,the_custom_of_the_country
Paris,the_custom_of_the_country
America,the_custom_of_the_country
August,the_custom_of_the_country
New York--,the_custom_of_the_country
Greenock,the_custom_of_the_country
London,the_custom_of_the_country
Plymouth,the_custom_of_the_country
Enghien,the_custom_of_the_country
Chantilly,the_custom_of_the_country
Parisian,the_custom_of_the_country
Apex!--could,the_custom_of_the_country
Morningside,the_custom_of_the_country
Ararat,the_custom_of_the_country
Tuxedo,the_custom_of_the_country
Newport,the_custom_of_the_country
France,the_custom_of_the_country
Burgundy,the_custom_of_the_country
Faubourg,the_custom_of_the_country
Potash Springs,the_custom_of_the_country
Aix,the_custom_of_the_country
Italy--,the_custom_of_the_country
Venice,the_custom_of_the_country
Trouville,the_custom_of_the_country
Normandy,the_custom_of_the_country
Scotland,the_custom_of_the_country
Norway--,the_custom_of_the_country
Chelles,the_custom_of_the_country
the Bronx,the_custom_of_the_country
Long Island,the_custom_of_the_country
New Yorkers,the_custom_of_the_country
Chicago,the_custom_of_the_country
Omaha,the_custom_of_the_country
Dakota,the_custom_of_the_country
the United States,the_custom_of_the_country
Sioux Falls,the_custom_of_the_country
Reno,the_custom_of_the_country
Egypt,the_custom_of_the_country
Denver,the_custom_of_the_country
Little Rock,the_custom_of_the_country
Cherbourg,the_custom_of_the_country
Lucerne,the_custom_of_the_country
Monte - Carlo,the_custom_of_the_country
Nice,the_custom_of_the_country
Cimiez,the_custom_of_the_country
Beaulieu,the_custom_of_the_country
March,the_custom_of_the_country
Esquire,the_custom_of_the_country
NEW,the_custom_of_the_country
San Francisco,the_custom_of_the_country
Opake,the_custom_of_the_country
Bedlam,the_custom_of_the_country
Montmartre,the_custom_of_the_country
Saint Desert,the_custom_of_the_country
Deauville,the_custom_of_the_country
Pau,the_custom_of_the_country
Arlington,the_custom_of_the_country
Beaune,the_custom_of_the_country
Dijon,the_custom_of_the_country
Asia Minor,the_custom_of_the_country
Congress,the_custom_of_the_country
Compiegne,the_custom_of_the_country
Florence,the_custom_of_the_country
